[
  {
    "title": "IoT Predictive Maintenance Prototype",
    "summary": "Embedded sensor node with on-device anomaly detection for HVAC vibration/noise.",
    "tags": [
      "Embedded C/C++",
      "TensorFlow Lite",
      "IoT"
    ],
    "image": "assets/project-iot.jpg",
    "github": "https://github.com/",
    "caseStudy": "https://github.com/"
  },
  {
    "title": "Embedded AI Vision Module",
    "summary": "Raspberry Pi-based real-time image classification demo with quantized model.",
    "tags": [
      "Computer Vision",
      "Edge AI",
      "Python"
    ],
    "image": "assets/project-vision.jpg",
    "github": "https://github.com/",
    "caseStudy": "https://github.com/"
  },
  {
    "title": "Marketplace Intelligence Hub",
    "summary": "Product ownership for internal analytics platform; launched search, security & data science modules.",
    "tags": [
      "Product Management",
      "Azure DevOps",
      "CI/CD"
    ],
    "image": "assets/project-mih.jpg",
    "github": "",
    "caseStudy": ""
  }
]